                  epoch,         train/box_loss,         train/cls_loss,         train/dfl_loss,   metrics/precision(B),      metrics/recall(B),       metrics/mAP50(B),    metrics/mAP50-95(B),           val/box_loss,           val/cls_loss,           val/dfl_loss,                 lr/pg0,                 lr/pg1,                 lr/pg2
                      1,                 2.0389,                 3.7912,                 2.1899,                0.00365,                0.53894,                0.02831,                0.00695,                 2.0395,                 4.6241,                 2.4502,             0.00010003,             0.00010003,             0.00010003
                      2,                 1.8132,                  3.578,                 1.9149,                0.04249,                0.53272,                 0.0859,                0.04126,                 1.8357,                 4.9213,                  2.287,             0.00021011,             0.00021011,             0.00021011
                      3,                 1.4922,                 3.3137,                 1.6835,                0.01643,                0.77097,                0.07726,                 0.0228,                 1.7637,                 4.3765,                 2.1057,             0.00031565,             0.00031565,             0.00031565
                      4,                 1.6286,                 3.3199,                 1.8679,                0.01705,                0.86398,                0.17609,                0.07863,                 1.5694,                 4.0467,                 1.9916,             0.00041668,             0.00041668,             0.00041668
                      5,                 1.7321,                 3.2027,                  1.749,                0.01731,                0.81528,                0.28575,                0.14107,                 1.6405,                 4.1179,                 2.1662,             0.00051317,             0.00051317,             0.00051317
                      6,                 1.6367,                 3.0324,                 1.8223,                0.00504,                 0.6927,                0.22505,                0.10343,                 1.6358,                 4.2348,                 2.1339,             0.00060514,             0.00060514,             0.00060514
