                  epoch,         train/box_loss,         train/cls_loss,         train/dfl_loss,   metrics/precision(B),      metrics/recall(B),       metrics/mAP50(B),    metrics/mAP50-95(B),           val/box_loss,           val/cls_loss,           val/dfl_loss,                 lr/pg0,                 lr/pg1,                 lr/pg2
                      1,                 1.9039,                 3.8665,                 2.0198,                0.00144,                0.39939,                0.01205,                0.00409,                 1.9829,                 4.4542,                 2.4537,             0.00012861,             0.00012861,             0.00012861
                      2,                 1.6609,                 3.7671,                 1.8072,                 0.0048,                0.49132,                0.02853,                0.01091,                 1.2886,                 4.0528,                 1.8924,             0.00026613,             0.00026613,             0.00026613
                      3,                 1.5548,                 3.4678,                 1.7496,                0.01126,                0.71874,                0.17302,                0.08712,                 1.3201,                 3.9979,                 1.6525,               0.000398,               0.000398,               0.000398
                      4,                 1.6099,                 3.2916,                 1.7492,                0.00791,                0.78786,                0.26226,                0.15601,                 1.2651,                 4.0342,                  1.643,             0.00052421,             0.00052421,             0.00052421
                      5,                 1.6554,                 3.0299,                 1.7726,                0.00594,                0.85699,                0.18282,                0.06556,                 1.3629,                  3.936,                 1.6404,             0.00064475,             0.00064475,             0.00064475
